Object_1,Object_2
c537028c-83c2-4b1d-a0c5-7d3b42833533,4e00ab22-79d0-4006-9ec9-943a9d5fc28d
4cf3879c-f023-42b2-9d71-3aed01cfcdbe,4e00ab22-97d0-4006-9dc9-943a9d5fc28d
9faee9cb-13cf-4ead-a96f-a51512884875,7b00ab22-97d0-4006-9dc9-943a9d5fc28d
78b36722-4a5a-43d1-bb37-6e5c3279bf56,7b66ab22-97d0-4006-9dc9-943a9d5fc28d
f3184bcb-3ca3-4a3e-a5a5-37b42e783e6a,9a66ab22-97d0-4006-9dc9-943a9d5fc28d
1a00fe22-79a0-4006-8aa9-923a9d5fc17e,8d66ab22-97d2-4006-9dc9-943a9d5fc28d
c7f29ddb-768e-4891-a4e3-7fcc6f7bc04a,1d66ab22-97d5-4006-9dc9-943a9d5fc28d
5eab1453-be76-4f4e-b092-9a59d70f184f,4e76ab22-97d5-4006-9dc9-943a9d5fc28d
41c0657e-7efc-4e6c-9459-08d25527de1e,2b76ab22-97d5-4006-9dc9-943a9d5fc28d
e2fcac91-2d71-4cb4-8e41-3b123d14be41,4f76ab22-97d5-4006-9ac9-943a9d5fc28d
